Biomass species,Moisture content (%),Ash content(%),(volatile matter)%,Fixed carbon content(%),Carbon (%),Hydrogen (%),Oxygen (%),Nitrogen(%),particle size (mm),Final temperature (°C),Heating rate (°C/min),Flow rate (ml/min),Solid phase (%),Liquid phase (%),Gas phase (%)
Jerusalem artichoke stick,15.76,3.34,67.4,13.5,45.36,6.11,47.26,0.75,0.5,550,10,100,35,44.9,20.1
Jerusalem artichoke stick,15.76,3.34,67.4,13.5,45.36,6.11,47.26,0.75,0.5,650,10,100,31.75,41.25,27
Jerusalem artichoke stick,15.76,3.34,67.4,13.5,45.36,6.11,47.26,0.75,0.5,750,10,100,30.2,40.6,29.2
Jerusalem artichoke stick,15.76,3.34,67.4,13.5,45.36,6.11,47.26,0.75,0.5,850,10,100,28.6,36.36,35.04
reed,5.89,8.47,72.12,13.52,42.78,5.17,50.51,1.33,0.5,550,10,100,32.85,54.38,12.77
reed,5.89,8.47,72.12,13.52,42.78,5.17,50.51,1.33,0.5,650,10,100,30.14,55.56,14.3
reed,5.89,8.47,72.12,13.52,42.78,5.17,50.51,1.33,0.5,750,10,100,28.4,54.75,16.85
reed,5.89,8.47,72.12,13.52,42.78,5.17,50.51,1.33,0.5,850,10,100,26.28,53.22,20.5
sugar cane,5.4,3.1,80.2,11.3,44.86,5.87,48.97,0.24,0.55,350,10,100,50.07,29.04,20.89
sugar cane,5.4,3.1,80.2,11.3,44.86,5.87,48.97,0.24,0.55,400,10,100,45.09,33.07,21.27
sugar cane,5.4,3.1,80.2,11.3,44.86,5.87,48.97,0.24,0.55,450,10,100,37.31,38.16,24.22
sugar cane,5.4,3.1,80.2,11.3,44.86,5.87,48.97,0.24,0.55,500,10,100,31.46,41.97,26.52
sugar cane,5.4,3.1,80.2,11.3,44.86,5.87,48.97,0.24,0.55,550,10,100,31.4,40.2,28.4
sugar cane,5.4,3.1,80.2,11.3,44.86,5.87,48.97,0.24,0.55,600,10,100,30.06,39.5,35.64
sugar cane,5.4,3.1,80.2,11.3,44.86,5.87,48.97,0.24,0.55,650,10,100,23.36,38.81,37.09
sugar cane,5.4,3.1,80.2,11.3,44.86,5.87,48.97,0.24,0.55,350,50,100,47.16,30.83,20.91
sugar cane,5.4,3.1,80.2,11.3,44.86,5.87,48.97,0.24,0.55,400,50,100,42.16,35.76,22.12
sugar cane,5.4,3.1,80.2,11.3,44.86,5.87,48.97,0.24,0.55,450,50,100,34.48,41.3,23.11
sugar cane,5.4,3.1,80.2,11.3,44.86,5.87,48.97,0.24,0.55,500,50,100,28.24,45.19,25.97
sugar cane,5.4,3.1,80.2,11.3,44.86,5.87,48.97,0.24,0.55,550,50,100,25.11,44.32,29.45
sugar cane,5.4,3.1,80.2,11.3,44.86,5.87,48.97,0.24,0.55,600,50,100,24.87,41.81,32.3
sugar cane,5.4,3.1,80.2,11.3,44.86,5.87,48.97,0.24,0.55,650,50,100,24.21,39.5,34.13
sugar cane,5.4,3.1,80.2,11.3,44.86,5.87,48.97,0.24,0.25,500,50,100,37.4,26.94,34.17
sugar cane,5.4,3.1,80.2,11.3,44.86,5.87,48.97,0.24,0.38,500,50,100,39.54,27.94,30.99
sugar cane,5.4,3.1,80.2,11.3,44.86,5.87,48.97,0.24,0.55,500,50,100,45.49,29.14,25.71
sugar cane,5.4,3.1,80.2,11.3,44.86,5.87,48.97,0.24,0.8,500,50,100,43.82,36.41,20.44
sugar cane,5.4,3.1,80.2,11.3,44.86,5.87,48.97,0.24,1.35,500,50,100,41.59,37.79,20.49
sugar cane,5.4,3.1,80.2,11.3,44.86,5.87,48.97,0.24,0.55,500,50,50,39.53,33.78,26.4
sugar cane,5.4,3.1,80.2,11.3,44.86,5.87,48.97,0.24,0.55,500,50,100,45.18,27.93,27.17
sugar cane,5.4,3.1,80.2,11.3,44.86,5.87,48.97,0.24,0.55,500,50,150,42.7,27.2,29.7
sugar cane,5.4,3.1,80.2,11.3,44.86,5.87,48.97,0.24,0.55,500,50,200,41.85,26.72,31.22
Mangosteen plants,7.3,3.6,73.2,15.9,47.6,5.5,46.1,0.8,0.8,300,10,1500,49.5,30.7,19.75
Mangosteen plants,7.3,3.6,73.2,15.9,47.6,5.5,46.1,0.8,0.8,400,10,1500,30.95,48.3,20.74
Mangosteen plants,7.3,3.6,73.2,15.9,47.6,5.5,46.1,0.8,0.8,450,10,1500,29.42,49.01,21.5
Mangosteen plants,7.3,3.6,73.2,15.9,47.6,5.5,46.1,0.8,0.8,500,10,1500,27.15,50.03,22.82
Mangosteen plants,7.3,3.6,73.2,15.9,47.6,5.5,46.1,0.8,0.8,550,10,1500,26.21,50.57,23.23
Mangosteen plants,7.3,3.6,73.2,15.9,47.6,5.5,46.1,0.8,0.8,600,10,1500,25.92,49.7,24.3
Mangosteen plants,7.3,3.6,73.2,15.9,47.6,5.5,46.1,0.8,0.8,700,10,1500,25.1,48.24,26.66
Peanut shells ,8.03,11.31,58.38,22.29,37.87,5.19,55.24,1.57,1.25,300,15,50,47.76,14.38,36.43
Peanut shells,8.03,11.31,58.38,22.29,37.87,5.19,55.24,1.57,1.25,400,15,50,41.42,15.83,40.79
Peanut shells,8.03,11.31,58.38,22.29,37.87,5.19,55.24,1.57,1.25,500,15,50,37.06,17.75,41.17
Peanut shells,8.03,11.31,58.38,22.29,37.87,5.19,55.24,1.57,1.25,600,15,50,35.43,15.12,46.12
Peanut shells,8.03,11.31,58.38,22.29,37.87,5.19,55.24,1.57,1.25,700,15,50,33.73,13.03,52.4
Peanut shells,8.03,11.31,58.38,22.29,37.87,5.19,55.24,1.57,1.25,800,15,50,32.35,10.29,55.6
Peanut shells,8.03,11.31,58.38,22.29,37.87,5.19,55.24,1.57,1.25,900,15,50,33.78,8.88,53.54
Pine needles,8.81,12.24,60.09,18.86,46.28,5.8,47.03,0.72,1.25,300,15,50,52.2,14.48,30.19
Pine needles,8.81,12.24,60.09,18.86,46.28,5.8,47.03,0.72,1.25,400,15,50,45.01,18.12,35.96
Pine needles,8.81,12.24,60.09,18.86,46.28,5.8,47.03,0.72,1.25,500,15,50,36.51,20.76,41.36
Pine needles,8.81,12.24,60.09,18.86,46.28,5.8,47.03,0.72,1.25,600,15,50,35.25,18.84,41.92
Pine needles,8.81,12.24,60.09,18.86,46.28,5.8,47.03,0.72,1.25,700,15,50,32.79,12.72,52.07
Pine needles,8.81,12.24,60.09,18.86,46.28,5.8,47.03,0.72,1.25,800,15,50,33.89,15.78,47.61
Pine needles,8.81,12.24,60.09,18.86,46.28,5.8,47.03,0.72,1.25,900,15,50,30.54,13.28,51.32
 C. vulgaris,6.26,6.11,76.13,11.5,47.32,6.9,36.45,8.48,1.25,300,15,50,43.05,20.64,35.92
 C. vulgaris,6.26,6.11,76.13,11.5,47.32,6.9,36.45,8.48,1.25,400,15,50,43.46,16.38,37.7
 C. vulgaris,6.26,6.11,76.13,11.5,47.32,6.9,36.45,8.48,1.25,500,15,50,29.28,32.69,34.25
 C. vulgaris,6.26,6.11,76.13,11.5,47.32,6.9,36.45,8.48,1.25,600,15,50,22.33,28.5,43.71
 C. vulgaris,6.26,6.11,76.13,11.5,47.32,6.9,36.45,8.48,1.25,700,15,50,23.73,27.25,46.8
 C. vulgaris,6.26,6.11,76.13,11.5,47.32,6.9,36.45,8.48,1.25,800,15,50,21.58,26.55,50.83
 C. vulgaris,6.26,6.11,76.13,11.5,47.32,6.9,36.45,8.48,1.25,900,15,50,19.3,21.04,58.29
Corncob,6.33,29.51,51.64,12.53,22.49,3.3,73.68,0.51,1.25,300,15,50,63.51,10.31,23.26
Corncob,6.33,29.51,51.64,12.53,22.49,3.3,73.68,0.51,11.25,400,15,50,54.42,11.43,31.02
Corncob,6.33,29.51,51.64,12.53,22.49,3.3,73.68,0.51,1.25,500,15,50,54.29,11.38,30.42
Corncob,6.33,29.51,51.64,12.53,22.49,3.3,73.68,0.51,1.25,600,15,50,50.93,10.68,35.92
Corncob,6.33,29.51,51.64,12.53,22.49,3.3,73.68,0.51,1.25,700,15,50,52.24,8.72,36.49
Corncob,6.33,29.51,51.64,12.53,22.49,3.3,73.68,0.51,1.25,800,15,50,48.27,8.28,41.43
Corncob,6.33,29.51,51.64,12.53,22.49,3.3,73.68,0.51,1.25,900,15,50,50.78,6.18,41.18
Garlic stalk,5.81,8.8,5.82,2.21,42.29,6.03,47.84,3.84,2,400,30,50,30.25,37.85,31.35
Garlic stalk,5.81,8.8,5.82,2.21,42.29,6.03,47.84,3.84,2,450,30,50,26.38,38.67,35.5
Garlic stalk,5.81,8.8,5.82,2.21,42.29,6.03,47.84,3.84,2,500,30,50,24.72,39.64,35.22
Garlic stalk,5.81,8.8,5.82,2.21,42.29,6.03,47.84,3.84,2,550,30,50,26.24,37.85,36.05
Garlic stalk,5.81,8.8,5.82,2.21,42.29,6.03,47.84,3.84,2,600,30,50,24.72,39.23,36.46
Garlic stalk,5.81,8.8,5.82,2.21,42.29,6.03,47.84,3.84,0.8,500,30,50,31.93,35.89,32.34
Garlic stalk,5.81,8.8,5.82,2.21,42.29,6.03,47.84,3.84,2,500,30,50,26.71,40.51,32.99
Garlic stalk,5.81,8.8,5.82,2.21,42.29,6.03,47.84,3.84,4,500,30,50,25.31,40.74,33.23
Pepper stalk,2.82,5.82,68.06,23.3,46.23,5.6,46.42,1.75,2,300,30,50,45.53,33.41,21.16
Pepper stalk,2.82,5.82,68.06,23.3,46.23,5.6,46.42,1.75,2,350,30,50,38.13,38.13,22.67
Pepper stalk,2.82,5.82,68.06,23.3,46.23,5.6,46.42,1.75,2,400,30,50,31.99,44.66,23.21
Pepper stalk,2.82,5.82,68.06,23.3,46.23,5.6,46.42,1.75,2,450,30,50,29.88,45.34,24.31
Pepper stalk,2.82,5.82,68.06,23.3,46.23,5.6,46.42,1.75,2,500,30,50,26.94,45.47,26.66
Pepper stalk,2.82,5.82,68.06,23.3,46.23,5.6,46.42,1.75,2,550,30,50,26.93,46.15,26.51
Pepper stalk,2.82,5.82,68.06,23.3,46.23,5.6,46.42,1.75,2,600,30,50,26.77,46.55,26.49
Pepper stalk,2.82,5.82,68.06,23.3,46.23,5.6,46.42,1.75,2,650,30,50,25.78,45.28,28.99
Pepper stalk,2.82,5.82,68.06,23.3,46.23,5.6,46.42,1.75,0.8,480,30,50,31.29,33.48,31.97
Pepper stalk,2.82,5.82,68.06,23.3,46.23,5.6,46.42,1.75,2,480,30,50,32.44,39.56,28.33
Pepper stalk,2.82,5.82,68.06,23.3,46.23,5.6,46.42,1.75,4,480,30,50,27.56,45.65,26.88
Pepper stalk,2.82,5.82,68.06,23.3,46.23,5.6,46.42,1.75,7,480,30,50,28.57,46.25,25.15
safflower seed,5.7,2.2,80.8,11.3,60.46,9.08,27.36,3.1,1.2,400,5,0,23.1,46.86,30.05
safflower seed,5.7,2.2,80.8,11.3,60.46,9.08,27.36,3.1,1.2,500,5,0,20.81,49.05,30.14
safflower seed,5.7,2.2,80.8,11.3,60.46,9.08,27.36,3.1,1.2,550,5,0,20.29,49.19,30.52
safflower seed,5.7,2.2,80.8,11.3,60.46,9.08,27.36,3.1,1.2,600,5,0,20.19,47.43,32.38
safflower seed,5.7,2.2,80.8,11.3,60.46,9.08,27.36,3.1,1.2,700,5,0,20,39.86,40.14
safflower seed,5.7,2.2,80.8,11.3,60.46,9.08,27.36,3.1,1.2,400,40,0,18.96,46.04,35
safflower seed,5.7,2.2,80.8,11.3,60.46,9.08,27.36,3.1,1.2,500,40,0,18.63,45.85,35.52
safflower seed,5.7,2.2,80.8,11.3,60.46,9.08,27.36,3.1,1.2,550,40,0,18.49,45.57,35.94
safflower seed,5.7,2.2,80.8,11.3,60.46,9.08,27.36,3.1,1.2,600,40,0,18.11,45.33,36.56
safflower seed,5.7,2.2,80.8,11.3,60.46,9.08,27.36,3.1,1.2,700,40,0,17.92,42.17,39.91
safflower seed,5.7,2.2,80.8,11.3,60.46,9.08,27.36,3.1,1.2,400,80,0,16.58,47.04,36.38
safflower seed,5.7,2.2,80.8,11.3,60.46,9.08,27.36,3.1,1.2,500,80,0,16.8,46.96,36.24
safflower seed,5.7,2.2,80.8,11.3,60.46,9.08,27.36,3.1,1.2,550,80,0,16.81,46.26,36.93
safflower seed,5.7,2.2,80.8,11.3,60.46,9.08,27.36,3.1,1.2,600,80,0,16.29,46.3,37.41
safflower seed,5.7,2.2,80.8,11.3,60.46,9.08,27.36,3.1,1.2,700,80,0,16.2,43.54,40.26
safflower seed,5.7,2.2,80.8,11.3,60.46,9.08,27.36,3.1,0.6,500,5,0,19.99,50.62,29.4
safflower seed,5.7,2.2,80.8,11.3,60.46,9.08,27.36,3.1,1,500,5,0,20.24,48.99,30.77
safflower seed,5.7,2.2,80.8,11.3,60.46,9.08,27.36,3.1,1.6,500,5,0,23.26,45.29,31.45
safflower seed,5.7,2.2,80.8,11.3,60.46,9.08,27.36,3.1,2,500,5,0,24.94,43.4,31.66
safflower seed,5.7,2.2,80.8,11.3,60.46,9.08,27.36,3.1,1,500,5,50,20.79,52.61,26.6
safflower seed,5.7,2.2,80.8,11.3,60.46,9.08,27.36,3.1,1,500,5,100,20.21,54.97,24.82
safflower seed,5.7,2.2,80.8,11.3,60.46,9.08,27.36,3.1,1,500,5,200,19.79,55.44,24.77
safflower seed,5.7,2.2,80.8,11.3,60.46,9.08,27.36,3.1,1,500,5,400,19.79,53.97,26.24
Baboon seeds ,12.5,7.3,69.1,11,54.1,6.12,34.53,5.23,0.2,400,25,100,20.66,47.5,31.79
Baboon seeds ,12.5,7.3,69.1,11,54.1,6.12,34.53,5.23,0.2,500,25,100,17.53,45.32,37.15
Baboon seeds ,12.5,7.3,69.1,11,54.1,6.12,34.53,5.23,0.2,600,25,100,14.94,39.8,43.26
Baboon seeds ,12.5,7.3,69.1,11,54.1,6.12,34.53,5.23,0.2,700,25,100,11.82,39.15,49.04
Baboon seeds ,12.5,7.3,69.1,11,54.1,6.12,34.53,5.23,0.3,500,25,100,18.17,45.1,36.75
Baboon seeds ,12.5,7.3,69.1,11,54.1,6.12,34.53,5.23,0.5,500,25,100,24.07,42.05,33.88
Baboon seeds ,12.5,7.3,69.1,11,54.1,6.12,34.53,5.23,0.7,500,25,100,24.65,42.29,33.08
Baboon seeds ,12.5,7.3,69.1,11,54.1,6.12,34.53,5.23,0.9,500,25,100,25.83,45.26,28.92
Baboon seeds ,12.5,7.3,69.1,11,54.1,6.12,34.53,5.23,0.2,500,25,100,19.94,44.04,36.01
Baboon seeds ,12.5,7.3,69.1,11,54.1,6.12,34.53,5.23,0.2,500,25,200,17.81,39.95,42.26
Baboon seeds ,12.5,7.3,69.1,11,54.1,6.12,34.53,5.23,0.2,500,25,300,18.78,37.99,43.23
Baboon seeds ,12.5,7.3,69.1,11,54.1,6.12,34.53,5.23,0.2,500,25,400,22.18,29.97,47.83
Grape pomace,6.2,4.7,68.42,20.68,45.69,6.25,45.49,1.67,0.5,350,10,0,41.77,17.51,26.72
Grape pomace,6.2,4.7,68.42,20.68,45.69,6.25,45.49,1.67,0.5,400,10,0,39.22,19.51,27.67
Grape pomace,6.2,4.7,68.42,20.68,45.69,6.25,45.49,1.67,0.5,450,10,0,34.8,20.23,31.19
Grape pomace,6.2,4.7,68.42,20.68,45.69,6.25,45.49,1.67,0.5,500,10,0,33.54,21.76,33.07
Grape pomace,6.2,4.7,68.42,20.68,45.69,6.25,45.49,1.67,0.5,550,10,0,32.04,23.06,33.2
Grape pomace,6.2,4.7,68.42,20.68,45.69,6.25,45.49,1.67,0.5,600,10,0,28.67,17.94,39.75
Grape pomace,6.2,4.7,68.42,20.68,45.69,6.25,45.49,1.67,0.5,350,50,0,37.81,21.48,26.45
Grape pomace,6.2,4.7,68.42,20.68,45.69,6.25,45.49,1.67,0.5,400,50,0,34.08,23.23,28.08
Grape pomace,6.2,4.7,68.42,20.68,45.69,6.25,45.49,1.67,0.5,450,50,0,32.93,24.04,28.38
Grape pomace,6.2,4.7,68.42,20.68,45.69,6.25,45.49,1.67,0.5,500,50,0,32.81,24.64,28.88
Grape pomace,6.2,4.7,68.42,20.68,45.69,6.25,45.49,1.67,0.5,550,50,0,30.62,25.14,29.38
Grape pomace,6.2,4.7,68.42,20.68,45.69,6.25,45.49,1.67,0.5,600,50,0,27.82,24.2,33.09
Grape pomace,6.2,4.7,68.42,20.68,45.69,6.25,45.49,1.67,0.5,550,50,50,28.44,25.49,28.74
Grape pomace,6.2,4.7,68.42,20.68,45.69,6.25,45.49,1.67,0.5,550,50,100,28.68,27.66,30.51
Grape pomace,6.2,4.7,68.42,20.68,45.69,6.25,45.49,1.67,0.5,550,50,150,27.91,26.89,33.41
Grape pomace,6.2,4.7,68.42,20.68,45.69,6.25,45.49,1.67,0.5,550,50,2000,27.24,24.08,37.11
Southern bimorphic microalgae,0.08,17.33,51.45,31.13,52.6,6.21,31.92,8.75,0.2,300,10,100,36.1,49.2,14.71
Southern bimorphic microalgae,0.08,17.33,51.45,31.13,52.6,6.21,31.92,8.75,0.2,400,10,100,28.56,53.02,18.42
Southern bimorphic microalgae,0.08,17.33,51.45,31.13,52.6,6.21,31.92,8.75,0.2,500,10,100,25.59,55.25,19.16
Southern bimorphic microalgae,0.08,17.33,51.45,31.13,52.6,6.21,31.92,8.75,0.2,600,10,100,21.88,53.64,24.48
Palm trunk,7.16,5.27,82.6,4.97,42.72,5.61,51.24,0.44,1.5,500,10,2000,40.87,33.6,25.53
Thallus,13.84,0.24,82.7,3.22,42.76,5.99,50.88,0.39,1.5,500,10,2000,43.5,30.24,26.26
Leaf,9,12.32,66.76,11.92,42.76,5.99,50.88,0.39,1.5,500,10,2000,16.58,36.75,46.67
Leaf rib,8.01,4.26,75.94,11.79,43.76,6.3,49.57,0.38,1.5,500,10,2000,29.02,28.63,42.35
pomegranate seeds,5.38,1.83,78.71,14.08,49.65,7.54,38.13,4.03,3.2,400,5,30,41.47,42.2,16.33
pomegranate seeds,5.38,1.83,78.71,14.08,49.65,7.54,38.13,4.03,3.2,500,5,30,29.83,54.04,16.13
pomegranate seeds,5.38,1.83,78.71,14.08,49.65,7.54,38.13,4.03,3.2,600,5,30,29.28,54.2,16.52
pomegranate seeds,5.38,1.83,78.71,14.08,49.65,7.54,38.13,4.03,3.2,800,5,30,27.87,52.07,20.06
rapeseed,4.9,5.5,81.7,7.9,62.1,9.1,24.9,3.9,0.65,400,30,0,24.62,41.08,26.44
rapeseed,4.9,5.5,81.7,7.9,62.1,9.1,24.9,3.9,0.65,500,30,0,21.7,45.18,26.12
rapeseed,4.9,5.5,81.7,7.9,62.1,9.1,24.9,3.9,0.65,550,30,0,19.38,46.67,25.96
rapeseed,4.9,5.5,81.7,7.9,62.1,9.1,24.9,3.9,0.65,600,30,0,19.21,45.64,27.01
rapeseed,4.9,5.5,81.7,7.9,62.1,9.1,24.9,3.9,0.65,700,30,0,18.29,44.36,30.59
rapeseed,4.9,5.5,81.7,7.9,62.1,9.1,24.9,3.9,0.23,550,30,0,22.53,43.01,26.22
rapeseed,4.9,5.5,81.7,7.9,62.1,9.1,24.9,3.9,0.53,550,30,0,21.05,44.67,25.98
rapeseed,4.9,5.5,81.7,7.9,62.1,9.1,24.9,3.9,0.73,550,30,0,16.56,48.24,27.42
rapeseed,4.9,5.5,81.7,7.9,62.1,9.1,24.9,3.9,1.03,550,30,0,15.53,49.23,29.3
rapeseed,4.9,5.5,81.7,7.9,62.1,9.1,24.9,3.9,1.6,550,30,0,17.08,48.42,27.49
rapeseed,4.9,5.5,81.7,7.9,62.1,9.1,24.9,3.9,2,550,30,0,20.98,46.28,26.47
rapeseed,4.9,5.5,81.7,7.9,62.1,9.1,24.9,3.9,1.2,550,30,50,16.34,48.64,27.03
rapeseed,4.9,5.5,81.7,7.9,62.1,9.1,24.9,3.9,1.2,550,30,100,15.54,51.41,25.9
rapeseed,4.9,5.5,81.7,7.9,62.1,9.1,24.9,3.9,1.2,550,30,200,15.3,51.61,24.88
rapeseed,4.9,5.5,81.7,7.9,62.1,9.1,24.9,3.9,1.2,550,30,400,15.58,49.22,27.5
rapeseed,4.9,5.5,81.7,7.9,62.1,9.1,24.9,3.9,0.63,400,300,100,27.07,36.1,6.1
rapeseed,4.9,5.5,81.7,7.9,62.1,9.1,24.9,3.9,0.63,500,300,100,17.46,60.68,6.01
rapeseed,4.9,5.5,81.7,7.9,62.1,9.1,24.9,3.9,0.63,550,300,100,16.12,63.22,6.28
rapeseed,4.9,5.5,81.7,7.9,62.1,9.1,24.9,3.9,0.63,600,300,100,15.1,61.56,6.28
rapeseed,4.9,5.5,81.7,7.9,62.1,9.1,24.9,3.9,0.63,700,300,100,14.2,56.94,5.98
rapeseed,4.9,5.5,81.7,7.9,62.1,9.1,24.9,3.9,0.23,550,300,100,19.25,55.25,18.2
rapeseed,4.9,5.5,81.7,7.9,62.1,9.1,24.9,3.9,0.53,550,300,100,18.78,58.26,16.17
rapeseed,4.9,5.5,81.7,7.9,62.1,9.1,24.9,3.9,0.73,550,300,100,12.93,68.06,12.41
rapeseed,4.9,5.5,81.7,7.9,62.1,9.1,24.9,3.9,1.03,550,300,100,13.16,67.77,12.98
rapeseed,4.9,5.5,81.7,7.9,62.1,9.1,24.9,3.9,1.6,550,300,100,13.22,65.57,14.78
rapeseed,4.9,5.5,81.7,7.9,62.1,9.1,24.9,3.9,2,550,300,100,16.06,64.58,14.67
rapeseed,4.9,5.5,81.7,7.9,62.1,9.1,24.9,3.9,0.93,550,300,50,14.27,65.07,14.93
rapeseed,4.9,5.5,81.7,7.9,62.1,9.1,24.9,3.9,0.93,550,300,100,13.12,68.19,12.96
rapeseed,4.9,5.5,81.7,7.9,62.1,9.1,24.9,3.9,0.93,550,300,200,13.62,68.19,12.63
rapeseed,4.9,5.5,81.7,7.9,62.1,9.1,24.9,3.9,0.93,550,300,400,14.44,65.89,14.11
Corncob,7.36,1.49,79.58,11.57,49.32,5.35,44.7,0.63,0.5,400,7,50,31.98,17.85,35.03
Corncob,7.36,1.49,79.58,11.57,49.32,5.35,44.7,0.63,0.5,450,7,50,29.8,19.42,35.29
Corncob,7.36,1.49,79.58,11.57,49.32,5.35,44.7,0.63,0.5,500,7,50,27.53,21.16,36.25
Corncob,7.36,1.49,79.58,11.57,49.32,5.35,44.7,0.63,0.5,550,7,50,27.01,20.2,37.12
Corncob,7.36,1.49,79.58,11.57,49.32,5.35,44.7,0.63,0.5,400,40,50,27.14,23.27,35.14
Corncob,7.36,1.49,79.58,11.57,49.32,5.35,44.7,0.63,0.5,450,40,50,25.8,24.25,36.12
Corncob,7.36,1.49,79.58,11.57,49.32,5.35,44.7,0.63,0.5,500,40,50,24.46,25.32,36.67
Corncob,7.36,1.49,79.58,11.57,49.32,5.35,44.7,0.63,0.5,550,40,50,23.55,23.98,38.07
Corncob,7.36,1.49,79.58,11.57,49.32,5.35,44.7,0.63,0.5,500,40,50,24.65,26.16,35.18
Corncob,7.36,1.49,79.58,11.57,49.32,5.35,44.7,0.63,0.5,500,40,100,24,26.65,35.77
Corncob,7.36,1.49,79.58,11.57,49.32,5.35,44.7,0.63,0.5,500,40,150,23.35,25.38,37.5
Corncob,7.36,1.49,79.58,11.57,49.32,5.35,44.7,0.63,0.5,500,40,200,23.4,47.7,38.62
"OPMF,PF",4.75,1.4,66.84,27.01,45.38,10.59,42.04,1.32,0.18,550,10,100,33.35,48.69,19.22
"OPMF,PF",4.75,1.4,66.84,27.01,45.38,10.59,42.04,1.32,0.18,550,10,200,34.45,46.26,16.9
"OPMF,PF",4.75,1.4,66.84,27.01,45.38,10.59,42.04,1.32,0.18,550,10,300,33.61,0.84,20.62
"OPMF,PF",4.83,5.87,70.33,18.97,41,6.74,51.24,0.67,0.18,550,10,100,25.35,49.52,24.98
"OPMF,PF",4.83,5.87,70.33,18.97,41,6.74,51.24,0.67,0.18,550,10,200,26.55,45.98,28.22
"OPMF,PF",4.83,5.87,70.33,18.97,41,6.74,51.24,0.67,0.18,550,10,300,25.82,45.77,29.16
"OPMF,PF",4.75,1.4,66.84,27.01,45.38,10.59,42.04,1.32,0.18,400,10,200,40.81,40.81,17.87
"OPMF,PF",4.75,1.4,66.84,27.01,45.38,10.59,42.04,1.32,0.18,450,10,200,38.16,47.21,15
"OPMF,PF",4.75,1.4,66.84,27.01,45.38,10.59,42.04,1.32,0.18,500,10,200,33.53,47.65,17.43
"OPMF,PF",4.75,1.4,66.84,27.01,45.38,10.59,42.04,1.32,175,550,10,200,34.41,50.51,15.44
"OPMF,PF",4.75,1.4,66.84,27.01,45.38,10.59,42.04,1.32,0.18,600,10,200,33.09,48.09,18.53
"OPMF,PF",4.83,5.87,70.33,18.97,41,6.74,51.24,0.67,0.18,400,10,200,31.55,42.27,25.16
"OPMF,PF",4.83,5.87,70.33,18.97,41,6.74,51.24,0.67,0.18,450,10,200,28.92,45.41,25.41
"OPMF,PF",4.83,5.87,70.33,18.97,41,6.74,51.24,0.67,0.18,500,10,200,27.11,45.46,26.91
"OPMF,PF",4.83,5.87,70.33,18.97,41,6.74,51.24,0.67,0.18,550,10,200,26.55,45.93,28.4
"OPMF,PF",4.83,5.87,70.33,18.97,41,6.74,51.24,0.67,0.18,600,10,200,23.51,47.01,29.28
Apricot shell,8.3,0.95,75,15.75,47.33,6.37,45.93,0.37,0.43,400,10,0,35.22,20.56,37.5
Apricot shell,8.3,0.95,75,15.75,47.33,6.37,45.93,0.37,0.43,450,10,0,32.12,21.1,39.11
Apricot shell,8.3,0.95,75,15.75,47.33,6.37,45.93,0.37,0.43,500,10,0,30.11,22.18,40.32
Apricot shell,8.3,0.95,75,15.75,47.33,6.37,45.93,0.37,0.43,550,10,0,29.03,21.1,42.74
Apricot shell,8.3,0.95,75,15.75,47.33,6.37,45.93,0.37,0.43,400,50,0,28.21,22.68,30.55
Apricot shell,8.3,0.95,75,15.75,47.33,6.37,45.93,0.37,0.43,450,50,0,28.45,23.23,30.68
Apricot shell,8.3,0.95,75,15.75,47.33,6.37,45.93,0.37,0.43,500,50,0,26.66,24.32,31.66
Apricot shell,8.3,0.95,75,15.75,47.33,6.37,45.93,0.37,0.43,550,50,0,26.15,22.96,33.07
sesame seed,8.7,6.63,74.8,9.87,52.43,6.09,40.86,0.62,0.6,550,100,100,22.38,53.33,24.29
sesame seed,8.7,6.63,74.8,9.87,52.43,6.09,40.86,0.62,1.6,550,300,100,20.16,54.29,25.56
sesame seed,8.7,6.63,74.8,9.87,52.43,6.09,40.86,0.62,2.6,550,500,100,18.25,55.71,26.03
sesame seed,8.7,6.63,74.8,9.87,52.43,6.09,40.86,0.62,3.6,550,700,100,20.16,53.02,26.83
tobacco residues,7.74,11.16,67.67,13.43,51.65,6.2,40.1,2.05,150,400,7,50,49.02,35.04,15.94
tobacco residues,8.74,12.16,68.67,14.43,52.65,7.2,41.1,3.05,150,500,7,50,36.28,37.99,25.73
tobacco residues,9.74,13.16,69.67,15.43,53.65,8.2,42.1,4.05,150,550,7,50,34.05,39.11,26.83
tobacco residues,10.74,14.16,70.67,16.43,54.65,9.2,43.1,5.05,150,700,7,50,29.46,37.74,32.8
tobacco residues,11.74,15.16,71.67,17.43,55.65,10.2,44.1,6.05,150,400,7,100,49.23,35.97,14.8
tobacco residues,12.74,16.16,72.67,18.43,56.65,11.2,45.1,7.05,150,500,7,100,35.56,39.38,25.06
tobacco residues,13.74,17.16,73.67,19.43,57.65,12.2,46.1,8.05,150,550,7,100,32.72,41.82,25.46
tobacco residues,14.74,18.16,74.67,20.43,58.65,13.2,47.1,9.05,150,700,7,100,29.07,39.32,31.61
tobacco residues,15.74,19.16,75.67,21.43,59.65,14.2,48.1,10.05,150,400,7,200,50.15,35.16,14.68
tobacco residues,16.74,20.16,76.67,22.43,60.65,15.2,49.1,11.05,150,500,7,200,36.95,39.5,23.54
tobacco residues,17.74,21.16,77.67,23.43,61.65,16.2,50.1,12.05,150,550,7,200,34.68,40.18,25.15
tobacco residues,18.74,22.16,78.67,24.43,62.65,17.2,51.1,13.05,150,700,7,200,27.85,36.01,36.14
tobacco residues,19.74,23.16,79.67,25.43,63.65,18.2,52.1,14.05,150,400,7,400,52.09,22.4,25.52
tobacco residues,20.74,24.16,80.67,26.43,64.65,19.2,53.1,15.05,150,500,7,400,46.16,24.31,29.53
tobacco residues,21.74,25.16,81.67,27.43,65.65,20.2,54.1,16.05,150,550,7,400,42.02,26.62,31.36
tobacco residues,22.74,26.16,82.67,28.43,66.65,21.2,55.1,17.05,150,700,7,400,34.12,23.81,42.08
rice straw,7.16,15.43,62.43,14.98,44.82,5.08,49.18,0.92,0.63,600,5,50,26.55,28.57,17.31
rice straw,7.16,15.43,62.43,14.98,44.82,5.08,49.18,0.92,0.63,600,5,100,26.39,29.58,15.63
rice straw,7.16,15.43,62.43,14.98,44.82,5.08,49.18,0.92,0.63,600,5,200,25.88,30.08,12.77
rice straw,7.16,15.43,62.43,14.98,44.82,5.08,49.18,0.92,0.63,600,5,400,25.71,28.24,14.62
Lampranthus spectabilis,5.8,7.4,76.1,10.7,49.81,6.22,39.1,4.87,1.33,400,300,25,41.98,39.5,18.53
Lampranthus spectabilis,5.8,7.4,76.1,10.7,49.81,6.22,39.1,4.87,1.33,500,300,25,34.95,48.79,16.25
Lampranthus spectabilis,5.8,7.4,76.1,10.7,49.81,6.22,39.1,4.87,1.33,550,300,25,32.95,43.21,23.85
Lampranthus spectabilis,5.8,7.4,76.1,10.7,49.81,6.22,39.1,4.87,1.33,700,300,25,29.47,51.19,19.34
Lampranthus spectabilis,5.8,7.4,76.1,10.7,49.81,6.22,39.1,4.87,1.33,400,300,100,41.18,39.2,19.62
Lampranthus spectabilis,5.8,7.4,76.1,10.7,49.81,6.22,39.1,4.87,1.33,500,300,100,33.19,55.38,11.43
Lampranthus spectabilis,5.8,7.4,76.1,10.7,49.81,6.22,39.1,4.87,1.33,550,300,100,31.93,57.69,10.38
Lampranthus spectabilis,5.8,7.4,76.1,10.7,49.81,6.22,39.1,4.87,1.33,700,300,100,26.26,41.3,32.44
P. glabra and M. ferrea seeds,3.5,2.72,74.58,19.2,44,5.46,48.8,1.61,0.2,350,40,100,33,23.16,19.48
P. glabra and M. ferrea seeds,3.5,2.72,74.58,19.2,44,5.46,48.8,1.61,0.2,450,40,100,29.4,25.6,21.68
P. glabra and M. ferrea seeds,3.5,2.72,74.58,19.2,44,5.46,48.8,1.61,0.2,550,40,100,28.6,28.56,23.32
P. glabra and M. ferrea seeds,3.5,2.72,74.58,19.2,44,5.46,48.8,1.61,0.2,650,40,100,28.84,26.84,24.68
P. glabra and M. ferrea seeds,3.8,1.17,76.83,18.2,47.5,5.43,45.9,1.15,0.2,350,40,100,30.54,25.23,20.48
P. glabra and M. ferrea seeds,3.8,1.17,76.83,18.2,47.5,5.43,45.9,1.15,0.2,450,40,100,27.46,26.87,23.18
P. glabra and M. ferrea seeds,3.8,1.17,76.83,18.2,47.5,5.43,45.9,1.15,0.2,550,40,100,26.23,29.6,23.82
P. glabra and M. ferrea seeds,3.8,1.17,76.83,18.2,47.5,5.43,45.9,1.15,0.2,650,40,100,25.87,27.84,24.74
spirulina,8.45,13.99,65.48,12.08,39.26,6.11,47.71,6.65,0.75,450,100,30,31.7,42.91,25.68
spirulina,8.45,13.99,65.48,12.08,39.26,6.11,47.71,6.65,0.75,500,100,30,32.49,43.28,24.19
spirulina,8.45,13.99,65.48,12.08,39.26,6.11,47.71,6.65,0.75,550,100,30,31.41,47.18,23.73
spirulina,8.45,13.99,65.48,12.08,39.26,6.11,47.71,6.65,0.75,600,100,30,32,42.57,27.43
sunflower bagasse,5,6.9,73.8,14.3,49.6,7.4,38.6,4.4,1.13,300,7,0,32.1,51.3,16.6
sunflower bagasse,5,6.9,73.8,14.3,49.6,7.4,38.6,4.4,1.13,400,7,0,29.2,53.2,17.6
sunflower bagasse,5,6.9,73.8,14.3,49.6,7.4,38.6,4.4,1.13,450,7,0,28.4,54.4,17.2
sunflower bagasse,5,6.9,73.8,14.3,49.6,7.4,38.6,4.4,1.13,520,7,0,28,53.4,18.6
sunflower bagasse,5,6.9,73.8,14.3,49.6,7.4,38.6,4.4,1.13,700,7,0,26.5,53.3,20.2
sunflower bagasse,5,6.9,73.8,14.3,49.6,7.4,38.6,4.4,1.13,900,7,0,26,52.9,21.1
sunflower bagasse,5,6.9,73.8,14.3,49.6,7.4,38.6,4.4,1.13,300,30,0,26.4,49.1,24.5
sunflower bagasse,5,6.9,73.8,14.3,49.6,7.4,38.6,4.4,1.13,400,30,0,26.2,49.4,24.4
sunflower bagasse,5,6.9,73.8,14.3,49.6,7.4,38.6,4.4,1.13,450,30,0,26.2,49.2,24.6
sunflower bagasse,5,6.9,73.8,14.3,49.6,7.4,38.6,4.4,1.13,520,30,0,25.8,50.8,23.4
sunflower bagasse,5,6.9,73.8,14.3,49.6,7.4,38.6,4.4,1.13,700,30,0,25.4,51.6,23
sunflower bagasse,5,6.9,73.8,14.3,49.6,7.4,38.6,4.4,1.13,900,30,0,24.9,51.6,23.5
sunflower bagasse,5,6.9,73.8,14.3,49.6,7.4,38.6,4.4,1.13,450,30,50,28.8,56.9,14.3
sunflower bagasse,5,6.9,73.8,14.3,49.6,7.4,38.6,4.4,1.13,450,30,100,29,59.3,11.7
sunflower bagasse,5,6.9,73.8,14.3,49.6,7.4,38.6,4.4,1.13,450,30,200,29.4,57.7,12.9
sunflower bagasse,5,6.9,73.8,14.3,49.6,7.4,38.6,4.4,1.13,450,30,400,29,57.2,13.8
sunflower bagasse,5,6.9,73.8,14.3,49.6,7.4,38.6,4.4,1.13,450,30,600,29.4,58.3,12.3
The sugar beet bagasse,9.84,3.68,74.45,12.03,42.67,6.08,49.3,1.95,0.5,350,10,0,33.84,28.95,37.22
The sugar beet bagasse,9.84,3.68,74.45,12.03,42.67,6.08,49.3,1.95,0.5,400,10,0,31.39,30.33,38.28
The sugar beet bagasse,9.84,3.68,74.45,12.03,42.67,6.08,49.3,1.95,0.5,450,10,0,29.07,31.33,39.6
The sugar beet bagasse,9.84,3.68,74.45,12.03,42.67,6.08,49.3,1.95,0.5,500,10,0,27.27,33.37,39.36
The sugar beet bagasse,9.84,3.68,74.45,12.03,42.67,6.08,49.3,1.95,0.5,550,10,0,26.51,31.63,41.86
The sugar beet bagasse,9.84,3.68,74.45,12.03,42.67,6.08,49.3,1.95,0.5,350,30,0,31.36,31.03,37.61
The sugar beet bagasse,9.84,3.68,74.45,12.03,42.67,6.08,49.3,1.95,0.5,400,30,0,28.27,32.93,38.8
The sugar beet bagasse,9.84,3.68,74.45,12.03,42.67,6.08,49.3,1.95,0.5,450,30,0,27.38,33.67,38.95
The sugar beet bagasse,9.84,3.68,74.45,12.03,42.67,6.08,49.3,1.95,0.5,500,30,0,25.32,34.41,40.27
The sugar beet bagasse,9.84,3.68,74.45,12.03,42.67,6.08,49.3,1.95,0.5,550,30,0,24.95,33.33,41.73
The sugar beet bagasse,9.84,3.68,74.45,12.03,42.67,6.08,49.3,1.95,1.5,500,30,100,34.92,38.36,26.72
The sugar beet bagasse,9.84,3.68,74.45,12.03,42.67,6.08,49.3,1.95,2.5,500,30,150,37.44,36.47,26.09
The sugar beet bagasse,9.84,3.68,74.45,12.03,42.67,6.08,49.3,1.95,3.5,500,30,200,39.83,35.59,24.58
sunflower,5.8,7.4,76.1,10.7,49.81,6.22,39.1,4.87,0.33,400,15,25,41.18,38.43,20.39
sunflower,5.8,7.4,76.1,10.7,49.81,6.22,39.1,4.87,0.33,500,15,25,33.64,58.44,7.92
sunflower,5.8,7.4,76.1,10.7,49.81,6.22,39.1,4.87,0.33,550,15,25,31.8,58.25,9.95
sunflower,5.8,7.4,76.1,10.7,49.81,6.22,39.1,4.87,0.33,700,15,25,26.46,39.57,33.97
sunflower,5.8,7.4,76.1,10.7,49.81,6.22,39.1,4.87,0.33,400,15,50,39.49,39.75,20.76
sunflower,5.8,7.4,76.1,10.7,49.81,6.22,39.1,4.87,0.33,500,15,50,30.62,59.95,9.43
sunflower,5.8,7.4,76.1,10.7,49.81,6.22,39.1,4.87,0.33,550,15,50,27.41,62.41,10.18
sunflower,5.8,7.4,76.1,10.7,49.81,6.22,39.1,4.87,0.33,700,15,50,24.76,41.83,33.41
sunflower,5.8,7.4,76.1,10.7,49.81,6.22,39.1,4.87,0.33,400,15,100,39.49,40.13,20.38
sunflower,5.8,7.4,76.1,10.7,49.81,6.22,39.1,4.87,0.33,500,15,100,30.24,60.14,9.62
sunflower,5.8,7.4,76.1,10.7,49.81,6.22,39.1,4.87,0.33,550,15,100,28.16,61.84,10
sunflower,5.8,7.4,76.1,10.7,49.81,6.22,39.1,4.87,0.33,700,15,100,21.56,41.82,36.62
sunflower,5.8,7.4,76.1,10.7,49.81,6.22,39.1,4.87,0.33,400,15,200,37.98,39.56,22.46
sunflower,5.8,7.4,76.1,10.7,49.81,6.22,39.1,4.87,0.33,500,15,200,29.11,58.81,12.08
sunflower,5.8,7.4,76.1,10.7,49.81,6.22,39.1,4.87,0.33,550,15,200,26.84,59,14.16
sunflower,5.8,7.4,76.1,10.7,49.81,6.22,39.1,4.87,0.33,700,15,200,21.56,42.58,35.86
sunflower,5.8,7.4,76.1,10.7,49.81,6.22,39.1,4.87,0.33,400,15,400,37.41,38.81,23.78
sunflower,5.8,7.4,76.1,10.7,49.81,6.22,39.1,4.87,0.33,500,15,400,47,38.85,14.15
sunflower,5.8,7.4,76.1,10.7,49.81,6.22,39.1,4.87,0.33,550,15,400,26.28,58.43,15.29
sunflower,5.8,7.4,76.1,10.7,49.81,6.22,39.1,4.87,0.33,700,15,400,20.99,43.14,35.87
corncob,6.4,1.2,76.7,15.7,52.7,6.4,40.6,0.3,0.65,300,7,0,30.3,40.15,30.12
corncob,6.4,1.2,76.7,15.7,52.7,6.4,40.6,0.3,0.65,400,7,0,30.99,39.55,29.91
corncob,6.4,1.2,76.7,15.7,52.7,6.4,40.6,0.3,0.65,500,7,0,27.37,41.46,31.49
corncob,6.4,1.2,76.7,15.7,52.7,6.4,40.6,0.3,0.65,600,7,0,26.98,41.04,30.21
corncob,6.4,1.2,76.7,15.7,52.7,6.4,40.6,0.3,0.65,700,7,0,26.05,36.32,35.74
corncob,6.4,1.2,76.7,15.7,52.7,6.4,40.6,0.3,0.65,800,7,0,24.77,36.62,37.68
Teak sawdust,3.87,3.53,78.17,14.43,49.17,5.93,43.87,1.03,0.18,400,10,150,37.17,42.52,20.63
Teak sawdust,3.87,3.53,78.17,14.43,49.17,5.93,43.87,1.03,0.18,500,10,150,34.33,44.88,22.2
Teak sawdust,3.87,3.53,78.17,14.43,49.17,5.93,43.87,1.03,0.18,600,10,150,28.19,49.29,23.94
Teak sawdust,3.87,3.53,78.17,14.43,49.17,5.93,43.87,1.03,0.18,700,10,150,26.93,47.72,26.93
Teak sawdust,3.87,3.53,78.17,14.43,49.17,5.93,43.87,1.03,0.18,600,10,150,27.44,48.77,23.6
Teak sawdust,3.87,3.53,78.17,14.43,49.17,5.93,43.87,1.03,0.18,600,10,200,25.66,47.49,26.32
Teak sawdust,3.87,3.53,78.17,14.43,49.17,5.93,43.87,1.03,0.18,600,10,250,23.71,45.37,29.55
Teak sawdust,3.87,3.53,78.17,14.43,49.17,5.93,43.87,1.03,0.5,600,10,150,30.54,47.79,23.04
Teak sawdust,3.87,3.53,78.17,14.43,49.17,5.93,43.87,1.03,0.25,600,10,150,28.41,48.47,22.78
Teak sawdust,3.87,3.53,78.17,14.43,49.17,5.93,43.87,1.03,0.18,600,10,150,27.59,48.78,24.03
Beech,8.7,0.8,84.3,15.2,49.1,5.7,44.5,0.15,0.38,450,10,50,40.6,47.5,6.1
Beech,8.7,0.8,84.3,15.2,49.1,5.7,44.5,0.15,0.38,500,10,50,13.6,62.4,15
Beech,8.7,0.8,84.3,15.2,49.1,5.7,44.5,0.15,0.38,550,10,50,10.3,48.4,25.6
Beech,8.7,0.8,84.3,15.2,49.1,5.7,44.5,0.15,0.38,600,10,50,8.2,40.1,51.5
"RS,RH",4.1,9.8,74.3,16,54.3,5.7,38.4,1.6,0.34,375,10,7000,38.42,52.38,8.94
"RS,RH",4.1,9.8,74.3,16,54.3,5.7,38.4,1.6,0.34,400,10,7000,37.36,54.09,8.05
"RS,RH",4.1,9.8,74.3,16,54.3,5.7,38.4,1.6,0.34,425,10,7000,33.89,55.62,10.27
"RS,RH",4.1,9.8,74.3,16,54.3,5.7,38.4,1.6,0.34,450,10,7000,31.11,57.31,11.11
"RS,RH",4.1,9.8,74.3,16,54.3,5.7,38.4,1.6,0.34,500,10,7000,28.13,55.2,16.41
"RS,RH",1.3,13.9,69.3,16.8,50.4,6,42.6,0.9,0.34,375,10,7000,34.11,52.21,13.42
"RS,RH",1.3,13.9,69.3,16.8,50.4,6,42.6,0.9,0.34,400,10,7000,30.46,54.6,15.29
"RS,RH",1.3,13.9,69.3,16.8,50.4,6,42.6,0.9,0.34,425,10,7000,27.17,50.79,21.48
"RS,RH",1.3,13.9,69.3,16.8,50.4,6,42.6,0.9,0.34,450,10,7000,26.8,49.56,24.22
"RS,RH",1.3,13.9,69.3,16.8,50.4,6,42.6,0.9,0.34,500,10,7000,24.34,47.44,27.96
Jatropha curcas de oilseed cake,5,5,69,21,42.3,4.8,46.74,5.8,0.75,425,30,8000,38.6,45,16.4
Jatropha curcas de oilseed cake,5,5,69,21,42.3,4.8,46.74,5.8,0.75,450,30,8000,35.1,48,16.9
Jatropha curcas de oilseed cake,5,5,69,21,42.3,4.8,46.74,5.8,0.75,475,30,8000,33.2,46.6,20.2
Jatropha curcas de oilseed cake,5,5,69,21,42.3,4.8,46.74,5.8,0.75,500,30,8000,30,44,26
Jatropha curcas de oilseed cake,5,5,69,21,42.3,4.8,46.74,5.8,0.34,450,30,8000,34.6,44.3,21.1
Jatropha curcas de oilseed cake,5,5,69,21,42.3,4.8,46.74,5.8,0.75,450,30,8000,35.1,48,16.9
Jatropha curcas de oilseed cake,5,5,69,21,42.3,4.8,46.74,5.8,0.75,450,30,8000,38.4,46.2,15.4
Jatropha curcas de oilseed cake,5,5,69,21,42.3,4.8,46.74,5.8,0.75,450,30,6000,32.7,44.8,22.5
Jatropha curcas de oilseed cake,5,5,69,21,42.3,4.8,46.74,5.8,0.75,450,30,8000,35.1,48,16.9
Jatropha curcas de oilseed cake,5,5,69,21,42.3,4.8,46.74,5.8,0.75,450,30,10000,32,41.5,26.5
Walnut shell,7.5,1.65,71.52,19.33,46.65,5.8,47.54,1.65,0.85,300,15,200,41.98,34.42,22.42
Walnut shell,7.5,1.65,71.52,19.33,46.65,5.8,47.54,1.65,0.85,400,15,200,36.05,37.85,25.73
Walnut shell,7.5,1.65,71.52,19.33,46.65,5.8,47.54,1.65,0.85,500,15,200,31.68,41.88,26.28
Walnut shell,7.5,1.65,71.52,19.33,46.65,5.8,47.54,1.65,0.85,600,15,200,30.55,40.03,30.19
Walnut shell,7.5,1.65,71.52,19.33,46.65,5.8,47.54,1.65,0.33,500,15,200,28.84,42.59,26.45
Walnut shell,7.5,1.65,71.52,19.33,46.65,5.8,47.54,1.65,0.51,500,15,200,30.4,43.78,26.1
Walnut shell,7.5,1.65,71.52,19.33,46.65,5.8,47.54,1.65,0.65,500,15,200,30.88,44.38,24.66
Walnut shell,7.5,1.65,71.52,19.33,46.65,5.8,47.54,1.65,0.85,500,15,200,31.35,45.82,23.23
MCA oil cake,6.5,6.5,74.9,18.9,47.28,6.52,43.33,2.55,1,350,20,8000,43.75,41.41,13.8
MCA oil cake,6.5,6.5,74.9,18.9,47.28,6.52,43.33,2.55,1,400,20,8000,39.37,43.85,15.68
MCA oil cake,6.5,6.5,74.9,18.9,47.28,6.52,43.33,2.55,1,450,20,8000,36.04,46.04,16.51
MCA oil cake,6.5,6.5,74.9,18.9,47.28,6.52,43.33,2.55,1,500,20,8000,35.05,43.02,20.21
MCA oil cake,6.5,6.5,74.9,18.9,47.28,6.52,43.33,2.55,1,550,20,8000,33.54,39.74,25.47
MCA oil cake,6.5,6.5,74.9,18.9,47.28,6.52,43.33,2.55,1,600,20,8000,32.81,35.42,31.77
MCA oil cake,6.5,6.5,74.9,18.9,47.28,6.52,43.33,2.55,0.33,450,20,8000,33.25,44.42,21.83
MCA oil cake,6.5,6.5,74.9,18.9,47.28,6.52,43.33,2.55,0.65,450,20,8000,33.82,46.32,19.35
MCA oil cake,6.5,6.5,74.9,18.9,47.28,6.52,43.33,2.55,1,450,20,8000,36.93,47.97,16.63
MCA oil cake,6.5,6.5,74.9,18.9,47.28,6.52,43.33,2.55,1.5,450,20,8000,36.23,47.33,17.45
MCA oil cake,6.5,6.5,74.9,18.9,47.28,6.52,43.33,2.55,2,450,20,8000,37.06,41.63,19.29
Eucalyptus wood,5.18,4.8,70.85,19.18,51.17,7.95,35.11,5.32,0.85,300,35,25,26.3,42.12,27.95
Eucalyptus wood,5.18,4.8,70.85,19.18,51.17,7.95,35.11,5.32,0.85,350,35,25,26.3,45.41,25.07
Eucalyptus wood,5.18,4.8,70.85,19.18,51.17,7.95,35.11,5.32,0.85,400,35,25,25.68,44.59,21.99
Eucalyptus wood,5.18,4.8,70.85,19.18,51.17,7.95,35.11,5.32,0.85,450,35,25,25.48,49.11,17.67
Eucalyptus wood,5.18,4.8,70.85,19.18,51.17,7.95,35.11,5.32,0.85,500,35,25,24.86,44.18,24.86
Eucalyptus wood,5.18,4.8,70.85,19.18,51.17,7.95,35.11,5.32,0.85,600,35,25,24.04,42.12,28.97
Eucalyptus wood,5.18,4.8,70.85,19.18,51.17,7.95,35.11,5.32,0.85,700,35,25,24.25,39.86,30.62
Eucalyptus wood,5.18,4.8,70.85,19.18,51.17,7.95,35.11,5.32,0.85,800,35,25,22.6,37.19,35.14
Eucalyptus wood,5.18,4.8,70.85,19.18,51.17,7.95,35.11,5.32,0.85,450,35,50,26.15,32.1,35.16
Eucalyptus wood,5.18,4.8,70.85,19.18,51.17,7.95,35.11,5.32,0.85,450,35,100,25.1,37.89,31.76
Eucalyptus wood,5.18,4.8,70.85,19.18,51.17,7.95,35.11,5.32,0.85,450,35,150,24.94,39,30.89
Eucalyptus wood,5.18,4.8,70.85,19.18,51.17,7.95,35.11,5.32,0.85,450,35,200,24.79,44.43,26.41
Eucalyptus wood,5.18,4.8,70.85,19.18,51.17,7.95,35.11,5.32,0.85,450,35,250,25.17,32.92,31.84
Eucalyptus wood,5.18,4.8,70.85,19.18,51.17,7.95,35.11,5.32,0.85,450,35,300,25.38,36.73,27.36
corn,7.67,8.33,71.95,12.05,49.1,6.1,43.7,0.7,0.3,420,10,30.2,11.9,59.9,10
corn,7.67,8.33,71.95,12.05,49.1,6.1,43.7,0.7,0.3,460,10,30.2,14,64.2,14.9
corn,7.67,8.33,71.95,12.05,49.1,6.1,43.7,0.7,0.3,500,10,30.2,18.2,66,15.9
corn,7.67,8.33,71.95,12.05,49.1,6.1,43.7,0.7,0.3,540,10,30.2,20.8,64.9,21.1
corn,7.67,8.33,71.95,12.05,49.1,6.1,43.7,0.7,0.3,580,10,30.2,30.1,64.1,24
Karanja seed,7.27,1.5,89.23,2,53.04,7.32,35.53,3.94,0.5,500,20,40,25.76,50.23,24.8
Karanja seed,7.27,1.5,89.23,2,53.04,7.32,35.53,3.94,0.5,525,20,40,22.19,53.15,25.06
Karanja seed,7.27,1.5,89.23,2,53.04,7.32,35.53,3.94,0.5,550,20,40,20.21,55.32,25.64
Karanja seed,7.27,1.5,89.23,2,53.04,7.32,35.53,3.94,0.5,575,20,40,18.77,51.85,29.51
Karanja seed,7.27,1.5,89.23,2,53.04,7.32,35.53,3.94,0.5,600,20,40,19.03,50.51,31.26
